date,btc,sol,ratio
2023-11-30,37729.58,59.28,636.4639001349528
2023-12-01,38699.84,59.78,647.3710270993643
2023-12-02,39469.35,63.71,619.5157746036729
2023-12-03,39980.93,63.0,634.6179365079365
2023-12-04,41984.41,61.58,681.7864566417669
2023-12-05,44089.06,61.01,722.6530077036551
2023-12-06,43771.01,61.86,707.5817976075009
2023-12-07,43285.02,67.78,638.6105045736205
2023-12-08,44186.18,74.94,589.6207632772886
2023-12-09,43723.0,72.25,605.1626297577855
2023-12-10,43791.67,74.81,585.3718754177248
2023-12-11,41235.58,70.24,587.0669134396356
2023-12-12,41472.94,68.54,605.0910417274584
2023-12-13,42887.55,70.63,607.2143565057341
2023-12-14,43030.6,75.68,568.586152219873
2023-12-15,41939.16,72.52,578.3116381687811
2023-12-16,42243.26,73.67,573.4119723089453
2023-12-17,41349.42,70.77,584.2789317507419
2023-12-18,42650.27,74.41,573.1792769789007
2023-12-19,42268.08,73.02,578.8562037797864
2023-12-20,43669.91,82.23,531.070290648182
2023-12-21,43875.01,93.89,467.3022686122058
2023-12-22,44008.04,98.01,449.0158147127844
2023-12-23,43732.75,107.95,405.12042612320516
2023-12-24,43023.12,112.54,382.291807357384
2023-12-25,43593.79,120.95,360.42819346837535
2023-12-26,42517.32,112.48,377.99893314366994
2023-12-27,43469.34,106.93,406.52146263910964
2023-12-28,42588.94,101.85,418.15355915562105
2023-12-29,42073.59,106.19,396.21047179583763
2023-12-30,42146.03,101.9,413.60186457311084
2023-12-31,42280.14,101.73,415.6113240931878
2024-01-01,44197.61,110.02,401.72341392474095
2024-01-02,44970.34,106.76,421.22836268265263
2024-01-03,42854.08,98.59,434.6696419515164
2024-01-04,44194.38,105.02,420.81870119977145
2024-01-05,44178.89,100.01,441.7447255274472
2024-01-06,43988.33,93.83,468.8088031546414
2024-01-07,43950.84,89.49,491.12571237009723
2024-01-08,46988.14,98.01,479.421895724926
2024-01-09,46123.0,99.45,463.78079436902965
2024-01-10,46667.48,102.01,457.47946279776494
2024-01-11,46353.15,99.9,463.9954954954955
2024-01-12,42776.42,92.06,464.65804909841404
2024-01-13,42839.19,95.84,446.986540066778
2024-01-14,41704.39,93.8,444.60970149253734
2024-01-15,42491.26,94.32,450.5010602205259
2024-01-16,43130.88,97.59,441.96003688902545
2024-01-17,42739.27,102.07,418.72509062408153
2024-01-18,41286.68,94.31,437.7762697487011
2024-01-19,41625.47,93.59,444.7640773586922
2024-01-20,41677.08,92.75,449.34857142857146
2024-01-21,41570.17,91.0,456.81505494505495
2024-01-22,39523.63,83.74,471.98029615476474
2024-01-23,39876.44,84.29,473.08624985170246
2024-01-24,40078.62,88.74,451.6409736308317
2024-01-25,39941.74,86.86,459.8404328804973
2024-01-26,41816.55,92.23,453.39423181177494
2024-01-27,42124.02,94.26,446.8917886696371
2024-01-28,42028.92,95.97,437.9381056580181
2024-01-29,43302.28,101.67,425.9101013081538
2024-01-30,42943.64,101.4,423.50729783037474
2024-01-31,42555.08,96.89,439.2102384146971
2024-02-01,43073.2,97.78,440.5113520147269
2024-02-02,43181.71,100.51,429.62600736245145
2024-02-03,42999.52,97.9,439.21879468845754
2024-02-04,42570.21,95.42,446.1350869838608
2024-02-05,42664.56,95.5,446.7493193717277
2024-02-06,43091.51,96.85,444.9304078471864
2024-02-07,44339.04,101.11,438.5227969538127
2024-02-08,45304.61,102.79,440.7491973927425
2024-02-09,47154.23,106.96,440.858545250561
2024-02-10,47768.12,109.07,437.9583753552765
2024-02-11,48311.16,107.48,449.4897655377745
2024-02-12,49942.97,111.73,446.99695694978965
2024-02-13,49733.11,112.57,441.7971928577774
2024-02-14,51844.19,117.11,442.6965246349586
2024-02-15,51934.57,113.61,457.13027022269165
2024-02-16,52163.28,110.4,472.49347826086955
2024-02-17,51668.78,108.96,474.1995227606461
2024-02-18,52139.33,112.24,464.53430149679264
2024-02-19,51781.22,111.55,464.1974002689377
2024-02-20,52269.59,108.35,482.41430549146287
2024-02-21,51854.36,105.06,493.56900818579857
2024-02-22,51263.67,101.69,504.1171206608319
2024-02-23,50744.07,99.89,507.9994994493943
2024-02-24,51574.61,104.04,495.71905036524413
2024-02-25,51727.63,103.47,499.9287716246255
2024-02-26,54518.58,109.97,495.7586614531236
2024-02-27,57071.6,108.42,526.3936543073233
2024-02-28,62507.1,118.98,525.3580433686334
2024-02-29,61179.58,125.7,486.71105807478125
2024-03-01,62431.25,129.52,482.0201513279802
2024-03-02,62038.39,130.15,476.66838263542064
2024-03-03,63149.43,130.25,484.83247600767754
2024-03-04,68338.64,133.36,512.4373125374924
2024-03-05,63804.11,125.58,508.07541009714924
2024-03-06,66115.57,130.89,505.12315684926284
2024-03-07,66928.15,144.07,464.5529950718401
2024-03-08,68269.39,145.11,470.46647370959954
2024-03-09,68446.32,144.58,473.41485682667036
2024-03-10,69023.53,144.56,477.47322910902045
2024-03-11,72095.86,148.87,484.2873648149392
2024-03-12,71449.5,151.05,473.01886792452825
2024-03-13,73118.09,163.93,446.0323918745806
2024-03-14,71366.96,176.64,404.02490942028993
2024-03-15,69497.39,183.84,378.03192993907743
2024-03-16,65260.55,181.95,358.67298708436385
2024-03-17,68364.45,201.69,338.95805443998216
2024-03-18,67609.44,195.91,345.10458884181514
2024-03-19,61924.02,169.91,364.4518862927432
2024-03-20,67857.3,191.92,353.5707586494373
2024-03-21,65493.22,179.44,364.98673651359786
2024-03-22,63816.99,175.17,364.31460866586747
2024-03-23,64004.42,172.72,370.5675081056044
2024-03-24,67208.33,183.79,365.68001523477886
2024-03-25,69892.26,189.01,369.78075234114596
2024-03-26,69990.22,190.47,367.4605974694178
2024-03-27,69434.46,186.23,372.8425065778876
2024-03-28,70789.57,189.67,373.22491696103765
2024-03-29,69903.72,192.19,363.721941828399
2024-03-30,69629.99,194.28,358.4001955939881
2024-03-31,71312.91,202.43,352.28429580595764
2024-04-01,69686.37,192.35,362.2894203275279
2024-04-02,65466.81,181.52,360.6589356544733
2024-04-03,65986.11,185.14,356.4119585178784
2024-04-04,68523.79,184.09,372.22983323374433
2024-04-05,67860.53,174.46,388.9747219993121
2024-04-06,68913.79,178.74,385.5532617209354
2024-04-07,69357.32,179.52,386.34870766488416
2024-04-08,71629.36,180.69,396.4212740052023
2024-04-09,69129.48,172.32,401.1692200557103
2024-04-10,70628.54,173.35,407.4331698875108
2024-04-11,70026.43,172.43,406.11511917879716
2024-04-12,67158.3,153.29,438.1127275099485
2024-04-13,64021.36,138.51,462.21471373908025
2024-04-14,65765.64,151.45,434.23994717728624
2024-04-15,63447.27,138.59,457.80554152536257
2024-04-16,63824.7,136.27,468.36941366404926
2024-04-17,61283.74,131.89,464.657972552885
2024-04-18,63511.2,142.1,446.9472202674173
2024-04-19,63848.26,142.53,447.9636567740125
2024-04-20,64979.21,151.28,429.52941565309357
2024-04-21,64955.82,148.78,436.5897298023928
2024-04-22,66854.24,157.03,425.7418327708082
2024-04-23,66415.06,154.68,429.370700801655
2024-04-24,64263.95,147.72,435.0389249932304
2024-04-25,64488.49,144.85,445.2087676907145
2024-04-26,63750.63,139.16,458.1103046852544
2024-04-27,63434.44,141.23,449.15697797918295
2024-04-28,63111.34,137.97,457.4279915923751
2024-04-29,63847.54,137.74,463.5366632786409
2024-04-30,60633.97,126.68,478.6388538048626
2024-05-01,58277.44,134.49,433.32173395791506
2024-05-02,59083.85,137.62,429.3260427263479
2024-05-03,62917.45,143.73,437.74751269741876
2024-05-04,63904.51,146.05,437.5522766175967
2024-05-05,64037.5,145.73,439.4256501749812
2024-05-06,63168.44,152.82,413.3519172883131
2024-05-07,62323.36,148.03,421.0184422076606
2024-05-08,61179.81,142.15,430.38909602532533
2024-05-09,63077.18,152.57,413.4310808153635
2024-05-10,60790.82,146.03,416.28994042320073
2024-05-11,60823.19,145.37,418.4026277773956
2024-05-12,61459.22,143.39,428.6158030546064
2024-05-13,62932.29,147.47,426.74638909608734
2024-05-14,61548.48,141.97,433.5315911812355
2024-05-15,66245.16,158.57,417.76603392823364
2024-05-16,65250.53,159.34,409.50502071043053
2024-05-17,67051.35,169.5,395.583185840708
2024-05-18,66927.56,172.47,388.053342610309
2024-05-19,66268.25,169.94,389.95086501118044
2024-05-20,71430.23,186.75,382.49119143239625
2024-05-21,70141.17,178.15,393.71973056413134
2024-05-22,69123.56,176.86,390.8377247540427
2024-05-23,67946.35,176.09,385.8614912828667
2024-05-24,68548.33,167.7,408.75569469290406
2024-05-25,69288.95,168.33,411.6256757559555
2024-05-26,68488.29,163.26,419.50441014332966
2024-05-27,69386.83,170.01,408.1338156579025
2024-05-28,68330.84,168.53,405.45208568207437
2024-05-29,67576.81,168.11,401.9797156623639
2024-05-30,68346.19,166.86,409.60200167805345
2024-05-31,67482.25,165.52,407.6984654422426
2024-06-01,67721.6,165.99,407.98602325441294
2024-06-02,67738.74,163.04,415.47313542688914
2024-06-03,68799.6,164.89,417.2454363515071
2024-06-04,70548.51,171.81,410.6193469530295
2024-06-05,71117.68,173.57,409.7348620153252
2024-06-06,70772.35,170.07,416.1365908155466
2024-06-07,69330.51,162.48,426.7018094534712
2024-06-08,69303.58,157.79,439.2140186323595
2024-06-09,69639.42,162.1,429.6077729796422
2024-06-10,69505.57,158.98,437.19694301169966
2024-06-11,67319.41,149.36,450.71913497589713
2024-06-12,68247.0,155.17,439.8208416575369
2024-06-13,66742.54,147.24,453.290817712578
2024-06-14,66006.13,143.01,461.5490525138103
2024-06-15,66188.81,145.45,455.0622894465452
2024-06-16,66631.59,151.2,440.6851190476191
2024-06-17,66481.73,143.23,464.16065070166866
2024-06-18,65158.02,137.37,474.32496178204843
2024-06-19,64950.82,135.62,478.9177112520277
2024-06-20,64847.89,133.48,485.824767755469
2024-06-21,64119.34,134.55,476.54656261612774
2024-06-22,64250.18,133.66,480.6986383360766
2024-06-23,63181.02,128.59,491.3369624387588
2024-06-24,60270.95,132.26,455.7005141388175
2024-06-25,61796.56,136.54,452.58942434451444
2024-06-26,60824.43,136.71,444.9157340355497
2024-06-27,61630.1,149.49,412.2690480968626
2024-06-28,60324.3,139.73,431.72046088885713
2024-06-29,60905.3,139.97,435.131099521326
2024-06-30,62685.88,146.4,428.18224043715844
2024-07-01,62841.27,146.52,428.8920966420966
2024-07-02,62044.48,153.79,403.436374276611
2024-07-03,60157.2,140.69,427.5868931693795
2024-07-04,57041.11,127.81,446.2961427118379
2024-07-05,56646.24,134.33,421.6946326211568
2024-07-06,58255.65,143.07,407.1828475571399
2024-07-07,55866.6,131.59,424.55049775818827
2024-07-08,56709.76,139.78,405.7072542566891
2024-07-09,58047.2,141.42,410.4596238155848
2024-07-10,57725.78,142.01,406.49095134145483
2024-07-11,57348.75,135.71,422.58308157099697
2024-07-12,57913.68,139.55,415.0030813328556
2024-07-13,59231.06,141.95,417.2670658682635
2024-07-14,60818.77,147.72,411.71655835364203
2024-07-15,64765.55,159.54,405.9517989219005
2024-07-16,65087.61,160.65,405.1516339869281
2024-07-17,64096.64,155.5,412.1970418006431
2024-07-18,63981.43,159.2,401.8934045226131
2024-07-19,66708.49,169.2,394.2582151300237
2024-07-20,67163.86,173.68,386.71038691847076
2024-07-21,68176.98,184.5,369.5229268292683
2024-07-22,67567.71,178.98,377.5154207173986
2024-07-23,65939.83,172.93,381.3093737350373
2024-07-24,65375.53,178.03,367.2163680278605
2024-07-25,65794.0,171.83,382.9017051737182
2024-07-26,67925.17,183.08,371.0136006117544
2024-07-27,67904.55,183.77,369.50835283234477
2024-07-28,68252.75,184.91,369.1133524417284
2024-07-29,66782.78,182.52,365.89294323909706
2024-07-30,66180.04,179.1,369.5144611948632
2024-07-31,64617.83,171.64,376.4730249359124
2024-08-01,65300.21,167.26,390.41139543226114
2024-08-02,61422.3,152.58,402.55800235941797
2024-08-03,60679.28,142.46,425.9390706163133
2024-08-04,58135.89,138.24,420.54318576388886
2024-08-05,54031.82,129.81,416.2377320699484
2024-08-06,56057.67,144.51,387.9155075773303
2024-08-07,55130.45,144.71,380.9719438877755
2024-08-08,61708.53,163.18,378.16233607059684
2024-08-09,60868.88,156.32,389.3863868986694
2024-08-10,60940.82,154.05,395.5911716975008
2024-08-11,58725.0,141.57,414.81246026700575
2024-08-12,59360.89,146.37,405.55366536858645
2024-08-13,60609.73,146.71,413.126099107082
2024-08-14,58698.05,143.79,408.2206690312261
2024-08-15,57552.92,142.57,403.6818404994038
2024-08-16,58893.67,139.1,423.39086987778575
2024-08-17,59497.94,141.94,419.1766943779062
2024-08-18,58439.22,142.45,410.2437346437347
2024-08-19,59464.41,144.34,411.97457392268257
2024-08-20,59027.55,142.3,414.8106113843991
2024-08-21,61170.8,142.8,428.36694677871145
2024-08-22,60387.29,143.25,421.55176265270507
2024-08-23,64087.8,153.36,417.89123630672924
2024-08-24,64180.77,160.72,399.3328148332504
2024-08-25,64264.62,158.99,404.2054217246368
2024-08-26,62850.27,157.15,399.9380846325167
2024-08-27,59441.73,146.85,404.77854954034734
2024-08-28,59043.5,143.93,410.2237198638227
2024-08-29,59369.85,140.05,423.91895751517313
2024-08-30,59129.05,138.0,428.4713768115942
2024-08-31,58989.17,135.34,435.85909561105365
2024-09-01,57313.44,128.53,445.9148836847429
2024-09-02,59147.8,134.96,438.26170717249556
2024-09-03,57481.84,127.52,450.767252195734
2024-09-04,57975.52,133.61,433.91602424968187
2024-09-05,56167.4,129.39,434.0938248705465
2024-09-06,53954.33,125.02,431.5655895056791
2024-09-07,54167.82,127.7,424.18026624902114
2024-09-08,54879.33,130.1,421.82421214450426
2024-09-09,57056.31,135.08,422.3890287237192
2024-09-10,57642.43,135.63,424.9976406399764
2024-09-11,57354.27,132.43,433.0912180019632
2024-09-12,58140.61,136.07,427.2845594179467
2024-09-13,60548.12,139.14,435.1596952709502
2024-09-14,60013.26,137.17,437.51009695997675
2024-09-15,59139.21,131.42,450.00159793029985
2024-09-16,58210.01,131.45,442.83004944845953
2024-09-17,60321.59,131.56,458.5101094557616
2024-09-18,61775.68,134.34,459.84576447818966
2024-09-19,62963.41,142.9,440.6116864940518
2024-09-20,63211.47,146.66,431.00688667666714
2024-09-21,63363.17,149.46,423.94734377090856
2024-09-22,63587.45,144.68,439.50407796516447
2024-09-23,63341.97,144.77,437.53519375561234
2024-09-24,64276.65,152.72,420.8790597171294
2024-09-25,63144.83,147.97,426.74075826180984
2024-09-26,65183.68,155.58,418.97210438359684
2024-09-27,65790.28,157.64,417.3450900786603
2024-09-28,65868.67,156.78,420.1343921418548
2024-09-29,65611.98,158.52,413.90348221044655
2024-09-30,63314.81,152.55,415.04300229432965
2024-10-01,60790.06,145.15,418.80854288666893
2024-10-02,60641.8,140.17,432.63037739887284
2024-10-03,60746.35,136.79,444.0847284158199
2024-10-04,62094.06,143.19,433.6480201131364
2024-10-05,62059.19,142.64,435.0756449803702
2024-10-06,62821.76,146.48,428.8760240305844
2024-10-07,62209.84,143.95,432.1628343174714
2024-10-08,62129.17,143.42,433.19739227443876
2024-10-09,60585.22,139.22,435.1761241200977
2024-10-10,60280.38,138.93,433.89030446987687
2024-10-11,62517.42,145.47,429.76160032996495
2024-10-12,63197.03,146.36,431.7916780541131
2024-10-13,62854.48,147.68,425.61267605633805
2024-10-14,66068.25,157.52,419.42769172168613
2024-10-15,67064.69,154.74,433.40241695747704
2024-10-16,67614.71,154.22,438.4302295422125
2024-10-17,67408.87,150.43,448.1078907132885
2024-10-18,68425.63,154.92,441.6836431706688
2024-10-19,68370.04,159.68,428.16908817635266
2024-10-20,69020.94,167.36,412.41001434034416
2024-10-21,67358.14,166.14,405.429998796196
2024-10-22,67390.32,167.44,402.47443860487346
2024-10-23,66612.97,170.67,390.3027479932033
2024-10-24,68163.56,177.07,384.95261760885523
2024-10-25,66577.77,164.65,404.3593683571212
2024-10-26,67014.72,170.67,392.6567059237125
2024-10-27,67945.14,176.47,385.02374341247804
2024-10-28,69925.83,178.15,392.5109738984002
2024-10-29,72723.67,179.38,405.4168246181291
2024-10-30,72331.96,174.85,413.68006863025454
2024-10-31,70207.54,168.45,416.7856337192045
2024-11-01,69473.41,166.05,418.38849744052993
2024-11-02,69354.01,166.1,417.5437086092715
2024-11-03,68747.04,162.44,423.21497168185175
2024-11-04,67811.95,157.87,429.5429783999493
2024-11-05,69378.09,166.65,416.31017101710165
2024-11-06,75643.57,186.78,404.98752543098834
2024-11-07,75922.41,196.44,386.49160048869885
2024-11-08,76562.31,199.98,382.84983498349834
2024-11-09,76716.41,200.02,383.54369563043696
2024-11-10,80429.43,210.23,382.57827141701944
2024-11-11,88758.31,222.42,399.0572340616851
2024-11-12,88040.54,211.86,415.55999244784283
2024-11-13,90498.51,215.45,420.0441401717336
2024-11-14,87334.19,209.54,416.7900639496039
2024-11-15,91058.92,218.51,416.72655713697316
2024-11-16,90630.94,215.77,420.0349446169532
2024-11-17,89877.16,237.54,378.36642249726367
2024-11-18,90514.83,239.94,377.2394348587147
2024-11-19,92418.48,237.96,388.3782148260211
2024-11-20,94379.92,235.65,400.5088903034161
2024-11-21,98436.25,256.72,383.4381816765347
2024-11-22,99010.89,257.21,384.941837409121
2024-11-23,97765.04,255.15,383.16692141877326
2024-11-24,98018.2,252.98,387.45434421693415
2024-11-25,93019.38,234.15,397.2640614990391
2024-11-26,91903.89,230.62,398.50789177001127
2024-11-27,95957.51,242.26,396.09308181292823
2024-11-28,95670.41,237.63,402.60240710348023
2024-11-29,97510.92,243.46,400.52131767025384
2024-11-30,96473.51,237.75,405.7771188222923
2024-12-01,97276.47,236.96,410.5185263335584
2024-12-02,95859.75,225.81,424.5150790487578
2024-12-03,95928.37,234.11,409.7576780146085
2024-12-04,98751.87,229.48,430.3288739759456
2024-12-05,97053.82,236.17,410.94897743151125
2024-12-06,99897.97,237.18,421.1905303988532
2024-12-07,99926.38,238.34,419.2597969287572
2024-12-08,101189.81,237.2,426.6012225969646
2024-12-09,97338.34,216.81,448.9568746829021
2024-12-10,96657.88,213.75,452.20060818713455
2024-12-11,101203.07,227.42,445.00514466625634
2024-12-12,100041.98,227.01,440.6941544425356
2024-12-13,101429.78,224.84,451.11981853762677
2024-12-14,101402.95,219.87,461.19502433256014
2024-12-15,104424.54,224.23,465.7028051554208
2024-12-16,106089.2,216.25,490.5858959537572
2024-12-17,106140.14,223.18,475.5808764226185
2024-12-18,100147.26,206.45,485.09208040687815
2024-12-19,97381.1,193.67,502.81974492693763
2024-12-20,97769.49,194.46,502.7742980561555
2024-12-21,97223.39,181.28,536.3161407766991
2024-12-22,95098.66,180.34,527.3298214483754
2024-12-23,94771.64,189.91,499.0344900215892
2024-12-24,98606.93,196.96,500.6444455727051
2024-12-25,99356.06,197.33,503.50205239953374
2024-12-26,95680.19,188.24,508.2883021674458
2024-12-27,94170.09,183.94,511.96091116668475
2024-12-28,95140.15,195.15,487.52318729182673
2024-12-29,93564.85,189.61,493.45946943726597
2024-12-30,92646.21,191.04,484.95712939698495
2024-12-31,93391.98,188.87,494.4775771694816
2025-01-01,94392.51,193.85,486.9358266701057
2025-01-02,96900.96,208.06,465.7356531769682
2025-01-03,98135.8,217.89,450.3914819404287
2025-01-04,98213.69,216.65,453.3288252942534
2025-01-05,98346.97,213.36,460.94380389951255
2025-01-06,102282.2,218.36,468.41088111375706
2025-01-07,96942.47,202.14,479.5808350648066
2025-01-08,95051.06,197.45,481.39306153456573
2025-01-09,92548.12,184.99,500.2871506567922
2025-01-10,94710.29,187.62,504.7984756422556
2025-01-11,94569.95,188.02,502.9781406233379
2025-01-12,94505.67,188.42,501.5692070905424
2025-01-13,94517.66,182.75,517.1964979480165
2025-01-14,96526.87,187.5,514.8099733333333
2025-01-15,100510.84,205.9,488.1536668285575
2025-01-16,99979.43,211.09,473.6341370979203
2025-01-17,104111.13,219.57,474.159174750649
2025-01-18,104431.52,261.87,398.7914614121511
2025-01-19,101212.56,252.19,401.334549347714
2025-01-20,102148.74,241.72,422.5911798775443
2025-01-21,106155.61,250.36,424.0118629173989
2025-01-22,103669.08,257.31,402.8956511600793
2025-01-23,103933.88,253.13,410.5948722000553
2025-01-24,104854.78,253.37,413.8405493941666
2025-01-25,104733.15,256.33,408.58717278508175
2025-01-26,102576.93,240.45,426.6039925140362
2025-01-27,102065.72,234.9,434.5071094082588
2025-01-28,101284.47,226.94,446.3050586057989
2025-01-29,103742.97,228.13,454.75373690439665
2025-01-30,104739.58,238.36,439.41760362476924
2025-01-31,102412.41,231.71,441.9852833282983
2025-02-01,100619.87,212.95,472.50467245832357
2025-02-02,97665.06,203.43,480.0917268839404
2025-02-03,101451.28,216.48,468.6404286770141
2025-02-04,97794.88,206.7,473.1247218190615
2025-02-05,96633.71,196.11,492.7525878333588
2025-02-06,96564.27,189.57,509.3858205412249
2025-02-07,96532.73,192.09,502.5390702274975
2025-02-08,96475.59,199.49,483.61115845405783
2025-02-09,96485.6,200.52,481.1769399561141
2025-02-10,97458.59,200.53,486.0050366528699
2025-02-11,95781.05,197.95,483.8648648648649
2025-02-12,97874.61,196.79,497.35560750038115
2025-02-13,96632.78,194.3,497.33803396809054
2025-02-14,97508.71,199.46,488.8634813997794
2025-02-15,97596.21,194.52,501.7284083898828
2025-02-16,96132.69,188.32,510.47520178419717
2025-02-17,95790.31,177.52,539.6029179810726
2025-02-18,95630.67,169.23,565.0928913313243
2025-02-19,96640.99,168.9,572.1787448194198
2025-02-20,98345.66,176.07,558.5600045436474
2025-02-21,96150.27,168.83,569.5093881419178
2025-02-22,96580.46,172.09,561.220640362601
2025-02-23,96274.12,167.96,573.196713503215
2025-02-24,91536.97,141.83,645.3992103222167
2025-02-25,88609.26,144.17,614.6164944163141
2025-02-26,84128.38,135.11,622.665827843979
2025-02-27,84657.34,137.56,615.421198022681
2025-02-28,84322.57,148.11,569.3239484167173
2025-03-01,86050.58,143.61,599.1962955225958
2025-03-02,94275.76,178.75,527.4168391608391
2025-03-03,86158.95,142.04,606.5823007603492
2025-03-04,87255.42,144.79,602.6342979487534
2025-03-05,90610.8,146.32,619.2646254784036
2025-03-06,89931.91,143.3,627.5778785764131
2025-03-07,86766.61,139.34,622.6970719104349
2025-03-08,86225.0,136.95,629.6093464768164
2025-03-09,80719.05,126.47,638.2466197517198
2025-03-10,78561.62,118.24,664.4250676589986
2025-03-11,82919.47,125.34,661.5563267911281
2025-03-12,83665.14,126.62,660.7577002053388
2025-03-13,81081.43,123.32,657.48807979241
2025-03-14,83995.47,133.56,628.8969002695418
2025-03-15,84355.92,135.9,620.7205298013245
2025-03-16,82572.37,126.1,654.816574147502
2025-03-17,84025.12,128.04,656.2411746329273
2025-03-18,82716.74,125.32,660.044206830514
2025-03-19,86878.5,135.39,641.6906713937515
2025-03-20,84178.31,127.5,660.2220392156862
2025-03-21,84060.48,128.45,654.4217983651226
2025-03-22,83837.39,128.49,652.4818273795626
2025-03-23,86091.67,132.84,648.0854411321891
2025-03-24,87520.48,141.02,620.6245922564175
2025-03-25,87439.7,143.7,608.4878218510787
2025-03-26,86923.95,137.37,632.7724393972483
2025-03-27,87218.89,138.41,630.1487609276786
2025-03-28,84387.01,129.43,651.989569651549
2025-03-29,82625.65,124.53,663.4999598490323
2025-03-30,82379.51,124.8,660.0922275641026
2025-03-31,82539.52,124.55,662.7018867924529
2025-04-01,85174.96,126.69,672.3100481490252
2025-04-02,82490.58,117.39,702.7053411704575
2025-04-03,83158.8,117.11,710.0913670907694
2025-04-04,83860.21,122.75,683.178900203666
2025-04-05,83503.37,120.26,694.3569765508065
2025-04-06,78365.57,105.83,740.4854011149959
2025-04-07,79143.06,106.94,740.0697587432205
2025-04-08,76255.1,105.36,723.7575930144268
2025-04-09,82587.03,119.04,693.7754536290322
2025-04-10,79554.96,112.76,705.5246541326712
2025-04-11,83386.0,121.36,687.0962425840474
2025-04-12,85272.12,132.23,644.8772593208803
2025-04-13,83730.92,128.31,652.5673758865248
2025-04-14,84575.75,129.38,653.7003400834751
2025-04-15,83638.17,126.09,663.3211991434689
2025-04-16,84029.4,131.32,639.8827292110874
2025-04-17,84943.42,134.84,629.9571343814891
2025-04-18,84459.96,134.05,630.0631107795599
2025-04-19,85061.54,139.86,608.190619190619
2025-04-20,85167.14,137.86,617.7799216596546
2025-04-21,87515.57,136.57,640.8110858900199
2025-04-22,93483.3,148.84,628.0791453910239
2025-04-23,93729.23,151.17,620.0253357147583
2025-04-24,94022.48,152.59,616.1772068942919
2025-04-25,94711.24,150.92,627.5592366816858
2025-04-26,94663.66,149.28,634.1349142550911
2025-04-27,93777.44,148.04,633.4601459065118
2025-04-28,95035.06,147.88,642.6498512307277
2025-04-29,94274.16,146.35,644.1691834642979
2025-04-30,94186.14,147.57,638.2472047164058
2025-05-01,96519.31,150.9,639.6243207422134
2025-05-02,96925.07,148.09,654.5011141873185
2025-05-03,95903.14,146.76,653.4692014172799
2025-05-04,94394.09,143.99,655.5600388915897
2025-05-05,94767.95,146.67,646.1304288538897
2025-05-06,96835.87,146.88,659.2856072984749
2025-05-07,97052.27,147.36,658.6066096634094
2025-05-08,103259.0,164.44,627.943322792508
2025-05-09,102982.3,172.8,595.9623842592592
2025-05-10,104814.08,177.93,589.0748046984769
2025-05-11,104124.02,173.23,601.0738324770537
2025-05-12,102802.44,174.22,590.0725519458157
2025-05-13,104136.59,183.77,566.6680633400446
2025-05-14,103543.76,176.68,586.0525243377858
2025-05-15,103787.64,169.17,613.5109061890406
2025-05-16,103499.6,167.48,617.9818485789349
2025-05-17,103159.32,166.02,621.3668232743044
2025-05-18,106488.62,173.38,614.1920636751644
2025-05-19,105618.19,166.88,632.8990292425696
2025-05-20,106875.88,168.64,633.7516603415561
2025-05-21,109699.86,173.61,631.8752376015206
2025-05-22,111722.11,179.72,621.6453928332962
2025-05-23,107332.91,174.03,616.7494684824455
2025-05-24,107779.46,175.96,612.5225051147988
2025-05-25,109041.44,175.81,620.2231954951368
2025-05-26,109461.24,174.98,625.5642930620643
2025-05-27,108975.95,176.8,616.3798076923076
2025-05-28,107821.11,172.28,625.8480961225911
2025-05-29,105586.78,166.71,633.3560074380661
2025-05-30,104039.27,156.26,665.8087162421606
2025-05-31,104654.65,156.53,668.5916437743563
2025-06-01,105702.19,157.77,669.9764847562908
2025-06-02,105908.79,156.91,674.9652029826015
2025-06-03,105447.66,155.3,678.9933032839665
2025-06-04,104746.0,153.31,683.230056747766
2025-06-05,101580.61,144.38,703.5642748303089
2025-06-06,104392.54,147.95,705.593376140588
2025-06-07,105625.23,150.16,703.4178875865744
2025-06-08,105779.28,152.53,693.498197075985
2025-06-09,110302.12,161.23,684.1290082490851
2025-06-10,110296.2,165.14,667.8951192927213
2025-06-11,108676.78,161.02,674.9272140106818
2025-06-12,105726.04,152.41,693.6949019093236
2025-06-13,106121.08,148.66,713.8509350195076
2025-06-14,105481.13,144.72,728.8635295743505
2025-06-15,105625.23,152.98,690.4512354556151
2025-06-16,106855.39,150.74,708.8721639909778
2025-06-17,104598.68,147.61,708.615134475984
2025-06-18,104927.87,146.41,716.6714705279694
2025-06-19,104699.72,147.06,711.9524003807969
2025-06-20,103313.31,140.15,737.1623974313235
2025-06-21,102165.68,135.47,754.1572303831106
2025-06-22,101015.42,131.78,766.5459098497496
2025-06-23,105423.73,144.6,729.071438450899
2025-06-24,106133.25,145.98,727.0396629675298
2025-06-25,107399.88,143.65,747.6497041420118
2025-06-26,107012.17,139.15,769.0418253683075
2025-06-27,107105.16,142.17,753.3597805444188
2025-06-28,107346.44,150.81,711.7992175585174
2025-06-29,108391.87,153.36,706.780581637976
2025-06-30,107169.82,154.88,691.9538997933885
2025-07-01,105724.18,146.93,719.5547539644728
2025-07-02,108886.62,152.35,714.7136199540531
2025-07-03,109638.97,152.4,719.4158136482939
2025-07-04,108027.71,147.75,731.1520135363791
2025-07-05,108244.51,147.62,733.2645305514158
2025-07-06,109233.93,151.91,719.0700414719241
2025-07-07,108277.16,148.91,727.1315559734068
2025-07-08,108955.05,151.73,718.0850853489752
2025-07-09,111291.7,157.11,708.3680224046846
2025-07-10,116023.34,164.34,705.9957405379092
2025-07-11,117573.92,162.98,721.4009080868818
2025-07-12,117468.16,160.76,730.705150534959
2025-07-13,119127.66,161.22,738.9136583550428
2025-07-14,119869.01,162.26,738.7465179341797
2025-07-15,117777.9,164.03,718.0265805035664
2025-07-16,118700.37,173.73,683.2462441719911
2025-07-17,119282.74,176.0,677.7428409090909
2025-07-18,118025.92,177.36,665.4596301308073
2025-07-19,117913.27,177.05,665.9885343123411
2025-07-20,117328.61,181.54,646.296188167897
2025-07-21,117441.75,195.82,599.743386783781
2025-07-22,120023.5,205.8,583.2045675413023
2025-07-23,118808.78,189.5,626.9592612137203
2025-07-24,118397.33,182.97,647.086025031426
2025-07-25,117644.11,186.8,629.7864561027837
2025-07-26,117971.27,184.92,637.9584144494918
2025-07-27,119468.71,188.71,633.0809708017593
2025-07-28,118059.92,183.13,644.6782067383825
2025-07-29,117942.11,181.47,649.926213699234
2025-07-30,117853.3,177.77,662.9538167294819
2025-07-31,115765.36,172.22,672.1946347694809
2025-08-01,113263.48,162.67,696.2776172619414
2025-08-02,112546.32,158.48,710.161029782938
2025-08-03,114238.83,162.01,705.134436145917
2025-08-04,115065.9,169.57,678.5746299463349
2025-08-05,114127.63,164.07,695.6032790881941
2025-08-06,115038.45,168.16,684.1011536631779
2025-08-07,117522.28,175.44,669.8716370269038
2025-08-08,116692.86,176.83,659.9155120737431
2025-08-09,116501.28,179.99,647.2652925162508
2025-08-10,119311.7,182.73,652.9398566190555
2025-08-11,118714.58,174.88,678.834515096066
2025-08-12,120128.24,191.72,626.5816816190278
2025-08-13,123374.56,201.62,611.9162781470092
2025-08-14,118391.59,192.61,614.6700067493899
2025-08-15,117440.09,185.89,631.7719619129593
2025-08-16,117469.52,189.74,619.1078317697902
2025-08-17,117488.0,191.15,614.6377190687941
2025-08-18,116292.15,183.0,635.4762295081966
2025-08-19,112870.67,176.21,640.5463367572783
2025-08-20,114291.37,187.97,608.0298451880619
2025-08-21,112491.84,180.28,623.9840248502329
2025-08-22,116909.79,200.64,582.6843600478469
2025-08-23,115391.76,204.07,565.4518547557211
2025-08-24,113486.67,205.96,551.0131578947368
2025-08-25,110150.15,187.22,588.3460634547591
2025-08-26,111805.93,195.88,570.7878803348989
2025-08-27,111276.98,202.94,548.3245294175618
2025-08-28,112582.21,214.45,524.9811611098158
2025-08-29,108393.15,205.13,528.4119826451519
2025-08-30,108833.53,202.74,536.8133076847193
2025-08-31,108273.72,200.67,539.5610704141128
2025-09-01,109256.28,197.32,553.7009933103589
2025-09-02,111245.94,209.63,530.6775747746029
2025-09-03,111751.51,210.83,530.0550680643172
2025-09-04,110732.33,202.34,547.2587229415835
2025-09-05,110676.99,203.39,544.161414032155
2025-09-06,110230.16,200.19,550.6277036815026
2025-09-07,111143.24,206.36,538.5890676487692
2025-09-08,112089.06,214.14,523.438217988232
2025-09-09,111549.14,217.24,513.4834284662124
2025-09-10,113988.2,224.13,508.58073439521706
2025-09-11,115537.84,228.85,504.86274852523485
2025-09-12,116116.26,242.36,479.1065357319689
2025-09-13,115971.92,242.49,478.25444348220543
2025-09-14,115351.87,239.89,480.85318270874154
2025-09-15,115401.06,234.39,492.3463458338667
2025-09-16,116838.31,237.0,492.9886497890295
2025-09-17,116488.17,244.92,475.61722195002454
2025-09-18,117126.46,247.6,473.0470920840065
2025-09-19,115701.97,238.66,484.7983323556524
2025-09-20,115756.07,239.6,483.122161936561
2025-09-21,115299.83,236.32,487.89704637779283
2025-09-22,112747.85,220.56,511.1890188610809
2025-09-23,112043.66,213.34,525.1882441173714
2025-09-24,113360.69,211.69,535.5032831026501
2025-09-25,109061.11,192.83,565.5816522325364
2025-09-26,109723.94,205.28,534.5086710833983
2025-09-27,109727.42,203.58,538.9891934374692
2025-09-28,112226.65,210.92,532.0815949175043
2025-09-29,114407.08,212.91,537.3494903950026
2025-09-30,114078.18,208.75,546.4822994011976
2025-10-01,118666.73,222.16,534.149846957148
2025-10-02,120630.71,234.9,513.5406981694338
2025-10-03,122318.86,232.96,525.0637877747253
2025-10-04,122455.39,227.99,537.1086012544409
2025-10-05,123535.21,228.67,540.2335680237898
2025-10-06,124723.0,232.47,536.5122381382544
2025-10-07,121414.53,220.1,551.6334847796456
2025-10-08,123358.65,229.12,538.4019291201117
2025-10-09,121713.94,221.03,550.6670587703027
2025-10-10,112998.91,188.9,598.194335627316
2025-10-11,110779.65,177.84,622.9175101214574
2025-10-12,115084.73,197.23,583.5051969781473
2025-10-13,115279.04,208.87,551.9176521281179
2025-10-14,113097.76,202.55,558.3695877561096
2025-10-15,110819.47,193.95,571.3816447538026
2025-10-16,108212.4,184.87,585.3432141504841
2025-10-17,106485.41,182.05,584.923976929415
2025-10-18,107228.76,187.65,571.4295763389288
2025-10-19,108701.79,187.95,578.3548284118117
2025-10-20,110583.29,189.78,582.6920118031404
2025-10-21,108387.11,185.73,583.5735207020945
2025-10-22,107604.16,180.16,597.2699822380107
2025-10-23,110114.95,191.42,575.253108348135
2025-10-24,111046.29,193.62,573.5269600247908
2025-10-25,111671.84,193.88,575.9843201980607
2025-10-26,114559.89,200.07,572.5990403358825
2025-10-27,114115.08,198.71,574.2795027930149
2025-10-28,112930.68,194.23,581.4275858518251
2025-10-29,110064.53,193.98,567.4014331374369
2025-10-30,108326.41,184.69,586.5309978883535
2025-10-31,109580.94,187.16,585.4933746527036
2025-11-01,110104.4,186.3,591.0059044551798
2025-11-02,110564.52,187.76,588.8608862377504
2025-11-03,106580.38,166.05,641.8571514604034
2025-11-04,101493.23,155.03,654.6683222602077
2025-11-05,103893.5,162.38,639.8170957014411
2025-11-06,101302.75,155.22,652.6398015719624
2025-11-07,103301.61,161.72,638.7683032401682
2025-11-08,102304.79,157.98,647.5806431193822
2025-11-09,104721.32,164.52,636.5263797714564
2025-11-10,105988.36,167.3,633.5227734608487
2025-11-11,103033.54,154.55,666.6680038822386
2025-11-12,101660.22,153.37,662.8429288648366
2025-11-13,99644.14,144.69,688.6733015412261
2025-11-14,94531.81,138.8,681.0649135446686
2025-11-15,95555.28,139.54,684.7877311165257
2025-11-16,94244.44,137.08,687.5141523198132
2025-11-17,92141.25,130.84,704.2284469581168
2025-11-18,92946.24,140.64,660.8805460750855
2025-11-19,91483.02,136.93,668.1006353611334
2025-11-20,86553.58,133.51,648.2928619579059
2025-11-21,85087.62,128.59,661.6970215413329
2025-11-22,84696.98,127.53,664.133772445699
2025-11-23,86823.45,130.55,665.0589812332439
2025-11-24,88288.33,138.41,637.8753702767142
2025-11-25,87340.82,138.91,628.7583327334246
2025-11-26,90487.28,143.02,632.6896937491259
2025-11-27,91327.26,140.85,648.4008519701811
2025-11-28,90917.53,137.37,661.8441435539055
2025-11-29,90842.76,135.96,668.1579876434245
2025-11-30,90381.34,133.49,677.0644992134241
2025-12-01,86302.37,126.67,681.3165706165627
2025-12-02,91315.07,138.7,658.3638788752704
2025-12-03,93464.62,144.72,645.8307075732448
2025-12-04,92106.94,139.06,662.3539479361427
2025-12-05,89352.03,133.33,670.156978924473
2025-12-06,89262.3,132.24,675.0022686025408
2025-12-07,90413.99,132.29,683.452944289062
2025-12-08,90661.73,133.27,680.2861109026787
2025-12-09,92701.41,137.9,672.2364757070341
2025-12-10,92038.34,136.32,675.1638791079812
2025-12-11,92546.9,136.43,678.3471377263064
2025-12-12,90277.47,132.29,682.4209690830751
2025-12-13,90262.18,133.17,677.7966508973493
2025-12-14,88169.62,129.4,681.3726429675424
2025-12-15,86421.58,127.79,676.2781125283668
2025-12-16,87851.74,129.14,680.2829487378041
2025-12-17,86223.21,123.21,699.8069150231313
2025-12-18,85478.7,119.54,715.0635770453404
2025-12-19,88107.2,126.2,698.1553090332804
2025-12-20,88340.83,125.77,702.3998568816094
2025-12-21,88647.8,126.0,703.5539682539683
2025-12-22,88566.92,125.84,703.8057851239669
2025-12-23,87440.81,123.93,705.5661260388929
2025-12-24,87620.12,122.45,715.5583503470804
2025-12-25,87183.32,120.0,726.5276666666667
2025-12-26,87315.1,122.19,714.5846632293969
2025-12-27,87823.31,124.65,704.5592458884877
2025-12-28,87631.77,123.97,706.8788416552392
