date,eth,sol,ratio
2023-11-28,2049.1,58.21,35.20185535131421
2023-11-29,2029.17,59.29,34.224489795918366
2023-11-30,2052.93,59.28,34.631072874493924
2023-12-01,2088.21,59.78,34.9315824690532
2023-12-02,2165.6,63.71,33.99152409354889
2023-12-03,2193.78,63.0,34.82190476190477
2023-12-04,2243.25,61.58,36.42822344917181
2023-12-05,2293.88,61.01,37.598426487461076
2023-12-06,2232.96,61.86,36.09699321047527
2023-12-07,2356.77,67.78,34.77087636470935
2023-12-08,2358.94,74.94,31.477715505737926
2023-12-09,2341.13,72.25,32.40318339100346
2023-12-10,2352.31,74.81,31.4437909370405
2023-12-11,2224.1,70.24,31.664293849658314
2023-12-12,2202.33,68.54,32.132039684855556
2023-12-13,2260.72,70.63,32.007928642220016
2023-12-14,2316.03,75.68,30.602933403805498
2023-12-15,2220.32,72.52,30.616657473800334
2023-12-16,2227.14,73.67,30.231301751051987
2023-12-17,2194.84,70.77,31.013706372756822
2023-12-18,2218.75,74.41,29.817900819782288
2023-12-19,2177.38,73.02,29.818953711311973
2023-12-20,2202.03,82.23,26.778912805545424
2023-12-21,2239.88,93.89,23.856427734583022
2023-12-22,2326.53,98.01,23.73767982858892
2023-12-23,2309.54,107.95,21.39453450671607
2023-12-24,2265.42,112.54,20.129909365558913
2023-12-25,2271.75,120.95,18.782554774700287
2023-12-26,2230.94,112.48,19.834103840682786
2023-12-27,2380.34,106.93,22.26073131955485
2023-12-28,2345.44,101.85,23.028375061364756
2023-12-29,2299.64,106.19,21.655899802241265
2023-12-30,2291.65,101.9,22.4892051030422
2023-12-31,2281.36,101.73,22.42563648874472
2024-01-01,2352.65,110.02,21.383839301945102
2024-01-02,2356.28,106.76,22.070813038591233
2024-01-03,2210.57,98.59,22.421848057612333
2024-01-04,2269.47,105.02,21.609883831651114
2024-01-05,2270.21,100.01,22.6998300169983
2024-01-06,2241.73,93.83,23.891399339230524
2024-01-07,2222.73,89.49,24.83774723432786
2024-01-08,2332.66,98.01,23.80022446689113
2024-01-09,2344.97,99.45,23.579386626445448
2024-01-10,2584.69,102.01,25.337613959415744
2024-01-11,2618.71,99.9,26.21331331331331
2024-01-12,2522.11,92.06,27.396371931349123
2024-01-13,2577.89,95.84,26.897850584307175
2024-01-14,2470.94,93.8,26.34264392324094
2024-01-15,2510.12,94.32,26.612807463952503
2024-01-16,2586.91,97.59,26.507941387437235
2024-01-17,2528.09,102.07,24.76819829528755
2024-01-18,2468.6,94.31,26.175379069027674
2024-01-19,2490.05,93.59,26.60594080564163
2024-01-20,2470.31,92.75,26.634070080862532
2024-01-21,2455.35,91.0,26.98186813186813
2024-01-22,2311.54,83.74,27.60377358490566
2024-01-23,2241.32,84.29,26.59058013999288
2024-01-24,2234.13,88.74,25.17613252197431
2024-01-25,2217.5,86.86,25.52958784250518
2024-01-26,2267.33,92.23,24.58343272254147
2024-01-27,2267.97,94.26,24.060789306174406
2024-01-28,2256.6,95.97,23.513597999374802
2024-01-29,2317.51,101.67,22.794432969410842
2024-01-30,2343.1,101.4,23.10749506903353
2024-01-31,2281.77,96.89,23.550108370316853
2024-02-01,2303.34,97.78,23.55635099202291
2024-02-02,2307.85,100.51,22.961396875932742
2024-02-03,2295.87,97.9,23.4511746680286
2024-02-04,2288.68,95.42,23.98532802347516
2024-02-05,2299.16,95.5,24.074973821989527
2024-02-06,2372.2,96.85,24.493546721734642
2024-02-07,2424.33,101.11,23.97715359509445
2024-02-08,2419.79,102.79,23.541103220157602
2024-02-09,2487.62,106.96,23.2574794315632
2024-02-10,2500.87,109.07,22.929036398643074
2024-02-11,2507.91,107.48,23.333736509117973
2024-02-12,2660.56,111.73,23.812404904680925
2024-02-13,2641.6,112.57,23.466287643244204
2024-02-14,2777.51,117.11,23.71710357783281
2024-02-15,2825.35,113.61,24.86884957310096
2024-02-16,2804.05,110.4,25.399003623188406
2024-02-17,2787.0,108.96,25.57819383259912
2024-02-18,2881.4,112.24,25.67177476835353
2024-02-19,2945.0,111.55,26.4007171671896
2024-02-20,3015.27,108.35,27.82898015689894
2024-02-21,2968.67,105.06,28.256900818579858
2024-02-22,2969.67,101.69,29.203166486380177
2024-02-23,2922.1,99.89,29.253178496345978
2024-02-24,2992.35,104.04,28.761534025374853
2024-02-25,3112.81,103.47,30.08417898907896
2024-02-26,3178.24,109.97,28.900972992634355
2024-02-27,3243.69,108.42,29.91781959048146
2024-02-28,3386.34,118.98,28.46142208774584
2024-02-29,3342.24,125.7,26.5890214797136
2024-03-01,3435.9,129.52,26.52794935145151
2024-03-02,3423.65,130.15,26.30541682673838
2024-03-03,3489.57,130.25,26.79132437619962
2024-03-04,3631.85,133.36,27.23342831433713
2024-03-05,3557.93,125.58,28.33197961458831
2024-03-06,3821.19,130.89,29.193903277561315
2024-03-07,3874.46,144.07,26.89289928506976
2024-03-08,3891.97,145.11,26.82082558059403
2024-03-09,3913.28,144.58,27.06653755706183
2024-03-10,3881.86,144.56,26.852933038184837
2024-03-11,4065.75,148.87,27.310740914892186
2024-03-12,3979.43,151.05,26.345117510758023
2024-03-13,4007.46,163.93,24.446166046483253
2024-03-14,3880.8,176.64,21.970108695652176
2024-03-15,3742.44,183.84,20.35704960835509
2024-03-16,3520.08,181.95,19.34641384995878
2024-03-17,3641.61,201.69,18.05548118399524
2024-03-18,3520.31,195.91,17.96901638507478
2024-03-19,3158.44,169.91,18.58890000588547
2024-03-20,3516.66,191.92,18.32357232180075
2024-03-21,3492.08,179.44,19.46098974587606
2024-03-22,3337.08,175.17,19.05052234971742
2024-03-23,3330.49,172.72,19.282596109309864
2024-03-24,3454.45,183.79,18.79563632406551
2024-03-25,3590.96,189.01,18.99878313316756
2024-03-26,3587.6,190.47,18.83551215414501
2024-03-27,3499.77,186.23,18.792729420608925
2024-03-28,3561.1,189.67,18.775241208414617
2024-03-29,3511.49,192.19,18.270929809043132
2024-03-30,3507.56,194.28,18.054148651430925
2024-03-31,3645.98,202.43,18.011065553524674
2024-04-01,3505.52,192.35,18.22469456719522
2024-04-02,3279.4,181.52,18.066328779197885
2024-04-03,3312.24,185.14,17.890461272550503
2024-04-04,3329.17,184.09,18.084469552936064
2024-04-05,3319.12,174.46,19.025106041499484
2024-04-06,3352.4,178.74,18.755734586550297
2024-04-07,3453.85,179.52,19.239360516934045
2024-04-08,3694.7,180.69,20.447728153190546
2024-04-09,3504.83,172.32,20.339078458681524
2024-04-10,3545.56,173.35,20.453187193539083
2024-04-11,3503.21,172.43,20.316708229426432
2024-04-12,3239.12,153.29,21.130667362515492
2024-04-13,3011.51,138.51,21.742184679806517
2024-04-14,3158.26,151.45,20.85348299768901
2024-04-15,3103.0,138.59,22.389782812612744
2024-04-16,3085.42,136.27,22.641960813091654
2024-04-17,2985.12,131.89,22.633406626734402
2024-04-18,3065.69,142.1,21.57417311752287
2024-04-19,3057.95,142.53,21.4547814495194
2024-04-20,3157.04,151.28,20.86885245901639
2024-04-21,3148.11,148.78,21.15949724425326
2024-04-22,3201.55,157.03,20.38814239317328
2024-04-23,3219.78,154.68,20.815748642358418
2024-04-24,3139.1,147.72,21.250338478202004
2024-04-25,3155.47,144.85,21.784397652744218
2024-04-26,3130.07,139.16,22.492598447829838
2024-04-27,3253.23,141.23,23.03497840402181
2024-04-28,3262.43,137.97,23.64593752264985
2024-04-29,3215.73,137.74,23.346377232466967
2024-04-30,3011.46,126.68,23.772181875592043
2024-05-01,2968.82,134.49,22.074652390512306
2024-05-02,2986.41,137.62,21.700406917599185
2024-05-03,3103.77,143.73,21.594447923189314
2024-05-04,3117.52,146.05,21.345566586785345
2024-05-05,3137.09,145.73,21.52672750977836
2024-05-06,3063.19,152.82,20.044431357152206
2024-05-07,3005.91,148.03,20.306086604066742
2024-05-08,2973.31,142.15,20.916707703130495
2024-05-09,3035.93,152.57,19.898603919512354
2024-05-10,2909.58,146.03,19.924536054235432
2024-05-11,2911.82,145.37,20.030405173006812
2024-05-12,2927.97,143.39,20.419624799497875
2024-05-13,2950.16,147.47,20.00515359056079
2024-05-14,2880.64,141.97,20.290483905050362
2024-05-15,3033.46,158.57,19.130100271173614
2024-05-16,2945.17,159.34,18.483557173340028
2024-05-17,3093.44,169.5,18.25038348082596
2024-05-18,3123.72,172.47,18.11167159506001
2024-05-19,3070.68,169.94,18.06920089443333
2024-05-20,3661.58,186.75,19.606854082998662
2024-05-21,3789.36,178.15,21.270614650575357
2024-05-22,3736.33,176.86,21.125918805835123
2024-05-23,3781.61,176.09,21.4754386961213
2024-05-24,3727.14,167.7,22.225044722719144
2024-05-25,3749.23,168.33,22.273094516723102
2024-05-26,3824.34,163.26,23.424843807423745
2024-05-27,3891.26,170.01,22.88841832833363
2024-05-28,3840.39,168.53,22.78757491247849
2024-05-29,3762.22,168.11,22.379513413836175
2024-05-30,3746.97,166.86,22.455771305285865
2024-05-31,3758.65,165.52,22.70813194780087
2024-06-01,3812.81,165.99,22.9701186818483
2024-06-02,3779.06,163.04,23.178729146221787
2024-06-03,3766.32,164.89,22.841409424464796
2024-06-04,3810.73,171.81,22.1799080379489
2024-06-05,3866.46,173.57,22.276084576827795
2024-06-06,3812.05,170.07,22.414593990709708
2024-06-07,3676.79,162.48,22.629185130477598
2024-06-08,3680.84,157.79,23.327460548830725
2024-06-09,3706.0,162.1,22.862430598396053
2024-06-10,3665.99,158.98,23.05944143917474
2024-06-11,3497.32,149.36,23.41537225495447
2024-06-12,3559.25,155.17,22.93774569826642
2024-06-13,3467.79,147.24,23.551955990220048
2024-06-14,3479.74,143.01,24.332144605272358
2024-06-15,3566.61,145.45,24.521210037813685
2024-06-16,3622.37,151.2,23.957473544973546
2024-06-17,3510.08,143.23,24.50659777979474
2024-06-18,3482.27,137.37,25.34956686321613
2024-06-19,3558.97,135.62,26.24222091137
2024-06-20,3510.94,133.48,26.303116571771053
2024-06-21,3517.28,134.55,26.141062801932367
2024-06-22,3494.25,133.66,26.142825078557536
2024-06-23,3418.62,128.59,26.585426549498404
2024-06-24,3350.54,132.26,25.332980492968396
2024-06-25,3393.91,136.54,24.856525560275376
2024-06-26,3369.46,136.71,24.646770536171456
2024-06-27,3445.8,149.49,23.05037126229179
2024-06-28,3373.8,139.73,24.145137050025053
2024-06-29,3373.52,139.97,24.101736086304207
2024-06-30,3432.82,146.4,23.448224043715847
2024-07-01,3438.83,146.52,23.47003822003822
2024-07-02,3416.41,153.79,22.214773392288187
2024-07-03,3292.16,140.69,23.400099509560025
2024-07-04,3058.81,127.81,23.93247789687818
2024-07-05,2982.07,134.33,22.199583116206355
2024-07-06,3067.54,143.07,21.440833158593698
2024-07-07,2931.2,131.59,22.275248879094153
2024-07-08,3018.49,139.78,21.594577192731432
2024-07-09,3066.44,141.42,21.68321312402772
2024-07-10,3100.44,142.01,21.832547003732135
2024-07-11,3099.49,135.71,22.839068602166382
2024-07-12,3134.62,139.55,22.462343246148333
2024-07-13,3176.67,141.95,22.37879535047552
2024-07-14,3246.12,147.72,21.974817221770916
2024-07-15,3485.5,159.54,21.84718565876896
2024-07-16,3446.19,160.65,21.451540616246497
2024-07-17,3387.66,155.5,21.785594855305465
2024-07-18,3425.94,159.2,21.519723618090453
2024-07-19,3506.0,169.2,20.721040189125297
2024-07-20,3518.85,173.68,20.26053661906955
2024-07-21,3536.46,184.5,19.16780487804878
2024-07-22,3441.05,178.98,19.22589116102358
2024-07-23,3483.07,172.93,20.141502341988087
2024-07-24,3335.15,178.03,18.733640397685782
2024-07-25,3174.48,171.83,18.47453878833731
2024-07-26,3274.89,183.08,17.887753987327944
2024-07-27,3249.36,183.77,17.681667301518203
2024-07-28,3270.15,184.91,17.685090043805094
2024-07-29,3317.94,182.52,18.178500986193292
2024-07-30,3278.41,179.1,18.304913456169736
2024-07-31,3231.84,171.64,18.829177347937545
2024-08-01,3200.67,167.26,19.135896209494202
2024-08-02,2985.72,152.58,19.56822650412898
2024-08-03,2902.09,142.46,20.37126210866208
2024-08-04,2688.08,138.24,19.445023148148145
2024-08-05,2420.39,129.81,18.645635929435326
2024-08-06,2462.39,144.51,17.03958203584527
2024-08-07,2343.5,144.71,16.1944578812798
2024-08-08,2683.62,163.18,16.445765412427992
2024-08-09,2600.21,156.32,16.633892016376663
2024-08-10,2610.64,154.05,16.946705615060043
2024-08-11,2555.67,141.57,18.052341597796143
2024-08-12,2723.07,146.37,18.604017216642756
2024-08-13,2703.6,146.71,18.428191670642764
2024-08-14,2661.98,143.79,18.512970303915434
2024-08-15,2570.39,142.57,18.02896822613453
2024-08-16,2593.7,139.1,18.64629762760604
2024-08-17,2614.92,141.94,18.422713822742004
2024-08-18,2612.58,142.45,18.34032994032994
2024-08-19,2637.47,144.34,18.27262020230012
2024-08-20,2573.25,142.3,18.083274771609275
2024-08-21,2631.39,142.8,18.42710084033613
2024-08-22,2623.57,143.25,18.314624781849915
2024-08-23,2764.81,153.36,18.028234220135626
2024-08-24,2769.86,160.72,17.23407167745147
2024-08-25,2747.52,158.99,17.281086860808855
2024-08-26,2681.15,157.15,17.06108813235762
2024-08-27,2458.29,146.85,16.74014300306435
2024-08-28,2528.73,143.93,17.569165566594872
2024-08-29,2527.97,140.05,18.05048197072474
2024-08-30,2526.02,138.0,18.304492753623187
2024-08-31,2513.01,135.34,18.568124722920054
2024-09-01,2426.06,128.53,18.875437641017662
2024-09-02,2538.22,134.96,18.807202133965617
2024-09-03,2424.4,127.52,19.011919698870766
2024-09-04,2450.36,133.61,18.33964523613502
2024-09-05,2367.89,129.39,18.300409614344233
2024-09-06,2224.52,125.02,17.793313069908816
2024-09-07,2273.45,127.7,17.803054032889584
2024-09-08,2297.39,130.1,17.658647194465797
2024-09-09,2360.0,135.08,17.471128220313886
2024-09-10,2388.83,135.63,17.61284376612844
2024-09-11,2340.73,132.43,17.67522464698331
2024-09-12,2361.91,136.07,17.35805100316014
2024-09-13,2441.28,139.14,17.545493747304874
2024-09-14,2418.52,137.17,17.631552088649123
2024-09-15,2316.46,131.42,17.62638867752245
2024-09-16,2295.53,131.45,17.463141879041462
2024-09-17,2342.21,131.56,17.803359683794465
2024-09-18,2375.01,134.34,17.679097811523004
2024-09-19,2465.83,142.9,17.255633310006996
2024-09-20,2561.88,146.66,17.468157643529253
2024-09-21,2613.27,149.46,17.484745082296264
2024-09-22,2581.43,144.68,17.842341719657174
2024-09-23,2647.17,144.77,18.28534917455274
2024-09-24,2653.41,152.72,17.374345206914615
2024-09-25,2579.69,147.97,17.433871730756234
2024-09-26,2632.81,155.58,16.922547885332303
2024-09-27,2695.48,157.64,17.098959654909923
2024-09-28,2676.03,156.78,17.068694986605436
2024-09-29,2658.08,158.52,16.76810497098158
2024-09-30,2601.63,152.55,17.054277286135694
2024-10-01,2447.54,145.15,16.862142611091972
2024-10-02,2363.64,140.17,16.862666761789256
2024-10-03,2349.81,136.79,17.178229402734118
2024-10-04,2414.67,143.19,16.863398282002933
2024-10-05,2414.79,142.64,16.92926247896803
2024-10-06,2439.96,146.48,16.657291097760787
2024-10-07,2422.14,143.95,16.82625911774922
2024-10-08,2439.67,143.42,17.010667968205272
2024-10-09,2368.44,139.22,17.012210889240052
2024-10-10,2384.4,138.93,17.16259987043835
2024-10-11,2439.03,145.47,16.76654980408332
2024-10-12,2475.93,146.36,16.91671221645258
2024-10-13,2468.12,147.68,16.712621885157095
2024-10-14,2629.02,157.52,16.690071102082275
2024-10-15,2606.92,154.74,16.8470983585369
2024-10-16,2610.95,154.22,16.93003501491376
2024-10-17,2605.1,150.43,17.31768929069999
2024-10-18,2642.22,154.92,17.055383423702555
2024-10-19,2648.12,159.68,16.58391783567134
2024-10-20,2746.4,167.36,16.410133843212236
2024-10-21,2665.9,166.14,16.04610569399302
2024-10-22,2621.31,167.44,15.65521978021978
2024-10-23,2522.33,170.67,14.778988691627116
2024-10-24,2534.54,177.07,14.313774213587847
2024-10-25,2436.2,164.65,14.796234436683873
2024-10-26,2479.7,170.67,14.529208413898166
2024-10-27,2505.21,176.47,14.19623732079107
2024-10-28,2565.82,178.15,14.40258209374123
2024-10-29,2638.16,179.38,14.707102241052514
2024-10-30,2658.35,174.85,15.203603088361453
2024-10-31,2515.04,168.45,14.930483823092906
2024-11-01,2510.39,166.05,15.118277627220715
2024-11-02,2493.41,166.1,15.01149909692956
2024-11-03,2456.66,162.44,15.123491750800294
2024-11-04,2396.87,157.87,15.182555266991828
2024-11-05,2422.4,166.65,14.535853585358536
2024-11-06,2724.61,186.78,14.587268444158903
2024-11-07,2897.52,196.44,14.750152718387294
2024-11-08,2963.98,199.98,14.821382138213822
2024-11-09,3127.99,200.02,15.63838616138386
2024-11-10,3186.06,210.23,15.155115825524426
2024-11-11,3375.79,222.42,15.177546983184966
2024-11-12,3247.18,211.86,15.327008401774755
2024-11-13,3191.32,215.45,14.812346252030634
2024-11-14,3059.11,209.54,14.599169609621075
2024-11-15,3091.03,218.51,14.145942977438105
2024-11-16,3134.46,215.77,14.526857301756499
2024-11-17,3076.78,237.54,12.952681653616235
2024-11-18,3209.54,239.94,13.376427440193382
2024-11-19,3112.1,237.96,13.078248445116825
2024-11-20,3072.39,235.65,13.037937619350732
2024-11-21,3359.82,256.72,13.087488314116547
2024-11-22,3331.89,257.21,12.95396757513316
2024-11-23,3397.31,255.15,13.314951989026063
2024-11-24,3364.81,252.98,13.300695707170528
2024-11-25,3414.86,234.15,14.584070040572282
2024-11-26,3323.46,230.62,14.410979099817881
2024-11-27,3657.71,242.26,15.098282836621811
2024-11-28,3579.62,237.63,15.063838740899717
2024-11-29,3593.72,243.46,14.761028505709355
2024-11-30,3706.22,237.75,15.588727655099895
2024-12-01,3710.38,236.96,15.658254557731263
2024-12-02,3644.73,225.81,16.140693503387805
2024-12-03,3617.6,234.11,15.452565033531245
2024-12-04,3845.15,229.48,16.755926442391495
2024-12-05,3789.23,236.17,16.044501841893553
2024-12-06,4005.27,237.18,16.887047811788513
2024-12-07,4000.53,238.34,16.784971049760845
2024-12-08,4007.11,237.2,16.893381112984823
2024-12-09,3714.19,216.81,17.13108251464416
2024-12-10,3630.62,213.75,16.985356725146197
2024-12-11,3834.97,227.42,16.8629408143523
2024-12-12,3882.65,227.01,17.103431566891327
2024-12-13,3907.67,224.84,17.379781177726382
2024-12-14,3869.58,219.87,17.599399645244915
2024-12-15,3957.8,224.23,17.65062658877046
2024-12-16,3987.5,216.25,18.439306358381504
2024-12-17,3893.55,223.18,17.445783672372077
2024-12-18,3624.67,206.45,17.55713247759748
2024-12-19,3414.47,193.67,17.630350596375276
2024-12-20,3470.82,194.46,17.848503548287567
2024-12-21,3337.38,181.28,18.410083848190645
2024-12-22,3278.9,180.34,18.181767771986248
2024-12-23,3418.24,189.91,17.999262808698855
2024-12-24,3491.08,196.96,17.724817221770916
2024-12-25,3494.17,197.33,17.707241676379667
2024-12-26,3331.04,188.24,17.695707607309817
2024-12-27,3328.67,183.94,18.09649885832337
2024-12-28,3397.86,195.15,17.41152959262106
2024-12-29,3350.43,189.61,17.670112335847264
2024-12-30,3356.45,191.04,17.569357202680067
2024-12-31,3331.15,188.87,17.637263726372638
2025-01-01,3353.28,193.85,17.298323445963376
2025-01-02,3452.59,208.06,16.594203595116795
2025-01-03,3607.83,217.89,16.55803387030153
2025-01-04,3656.45,216.65,16.877221324717286
2025-01-05,3635.29,213.36,17.038292088488937
2025-01-06,3688.83,218.36,16.893341271295107
2025-01-07,3380.43,202.14,16.72321163550015
2025-01-08,3326.54,197.45,16.847505697644973
2025-01-09,3219.05,184.99,17.401210876263583
2025-01-10,3266.41,187.62,17.409711118217672
2025-01-11,3281.96,188.02,17.455377087543877
2025-01-12,3266.23,188.42,17.334837066128863
2025-01-13,3136.46,182.75,17.162571819425445
2025-01-14,3224.35,187.5,17.19653333333333
2025-01-15,3451.52,205.9,16.763088878096163
2025-01-16,3307.52,211.09,15.668766876687668
2025-01-17,3475.27,219.57,15.827617616249944
2025-01-18,3304.42,261.87,12.618551189521519
2025-01-19,3210.82,252.19,12.731749871128912
2025-01-20,3280.4,241.72,13.571073969882509
2025-01-21,3327.64,250.36,13.291420354689246
2025-01-22,3241.51,257.31,12.597683727799154
2025-01-23,3338.7,253.13,13.189665389325642
2025-01-24,3309.74,253.37,13.062872478983303
2025-01-25,3318.45,256.33,12.946007100222369
2025-01-26,3231.79,240.45,13.440590559367852
2025-01-27,3181.65,234.9,13.54469987228608
2025-01-28,3075.83,226.94,13.553494315678153
2025-01-29,3114.1,228.13,13.650550124928769
2025-01-30,3247.4,238.36,13.623930189629132
2025-01-31,3300.04,231.71,14.24211298606016
2025-02-01,3116.61,212.95,14.635407372622682
2025-02-02,2869.16,203.43,14.103917809565942
2025-02-03,2883.08,216.48,13.3179970436068
2025-02-04,2732.09,206.7,13.217658442186746
2025-02-05,2788.52,196.11,14.219162714802916
2025-02-06,2686.96,189.57,14.17397267500132
2025-02-07,2622.67,192.09,13.653339580405019
2025-02-08,2632.76,199.49,13.197453506441427
2025-02-09,2627.84,200.52,13.105126670656293
2025-02-10,2661.94,200.53,13.274522515334365
2025-02-11,2602.22,197.95,13.145844910330892
2025-02-12,2738.57,196.79,13.916205091722142
2025-02-13,2676.25,194.3,13.773803396809058
2025-02-14,2726.02,199.46,13.667000902436579
2025-02-15,2693.56,194.52,13.84721365412297
2025-02-16,2661.59,188.32,14.133336873406968
2025-02-17,2744.13,177.52,15.458145561063542
2025-02-18,2670.43,169.23,15.779885363115287
2025-02-19,2715.47,168.9,16.07738306690349
2025-02-20,2738.98,176.07,15.556199238939058
2025-02-21,2661.6,168.83,15.764970680566249
2025-02-22,2763.54,172.09,16.058690220233597
2025-02-23,2819.92,167.96,16.789235532269586
2025-02-24,2513.65,141.83,17.722978213354015
2025-02-25,2492.48,144.17,17.288478879101064
2025-02-26,2333.12,135.11,17.2682999037821
2025-02-27,2305.51,137.56,16.760031986042456
2025-02-28,2236.53,148.11,15.100465869961514
2025-03-01,2216.72,143.61,15.435693893182924
2025-03-02,2518.51,178.75,14.089566433566434
2025-03-03,2147.5,142.04,15.118980568853845
2025-03-04,2171.13,144.79,14.995027280889566
2025-03-05,2241.7,146.32,15.32053034445052
2025-03-06,2202.6,143.3,15.370551290997904
2025-03-07,2140.93,139.34,15.364791158317782
2025-03-08,2203.24,136.95,16.087915297553852
2025-03-09,2020.01,126.47,15.972246382541314
2025-03-10,1864.38,118.24,15.767760487144791
2025-03-11,1922.98,125.34,15.342109462262645
2025-03-12,1907.9,126.62,15.067919759911547
2025-03-13,1863.87,123.32,15.114093415504378
2025-03-14,1911.53,133.56,14.312144354597184
2025-03-15,1937.46,135.9,14.256512141280353
2025-03-16,1886.94,126.1,14.96383822363204
2025-03-17,1926.41,128.04,15.045376444860983
2025-03-18,1931.53,125.32,15.412783274816471
2025-03-19,2056.92,135.39,15.192554841568803
2025-03-20,1982.66,127.5,15.550274509803922
2025-03-21,1965.08,128.45,15.298404048267809
2025-03-22,1980.4,128.49,15.412872597089267
2025-03-23,2006.05,132.84,15.101249623607346
2025-03-24,2081.53,141.02,14.760530421216849
2025-03-25,2066.62,143.7,14.381489213639528
2025-03-26,2009.64,137.37,14.629395064424546
2025-03-27,2003.3,138.41,14.47366519760133
2025-03-28,1896.15,129.43,14.650003863092019
2025-03-29,1827.68,124.53,14.67662410664097
2025-03-30,1807.48,124.8,14.48301282051282
2025-03-31,1822.14,124.55,14.629787234042555
2025-04-01,1905.23,126.69,15.038519220143659
2025-04-02,1794.63,117.39,15.287758752875034
2025-04-03,1816.31,117.11,15.509435573392537
2025-04-04,1816.25,122.75,14.79633401221996
2025-04-05,1805.19,120.26,15.010726758689506
2025-04-06,1579.65,105.83,14.92629689124067
2025-04-07,1552.42,106.94,14.516738357957735
2025-04-08,1472.15,105.36,13.972570235383449
2025-04-09,1669.0,119.04,14.020497311827956
2025-04-10,1521.51,112.76,13.493348705214615
2025-04-11,1566.02,121.36,12.903922214897825
2025-04-12,1643.84,132.23,12.431672086515919
2025-04-13,1597.18,128.31,12.447821681864236
2025-04-14,1623.79,129.38,12.550548771061989
2025-04-15,1588.7,126.09,12.599730351336348
2025-04-16,1577.24,131.32,12.010660980810234
2025-04-17,1583.68,134.84,11.744882824087808
2025-04-18,1588.56,134.05,11.850503543453934
2025-04-19,1612.74,139.86,11.53110253110253
2025-04-20,1587.31,137.86,11.513927172493833
2025-04-21,1579.7,136.57,11.566961997510434
2025-04-22,1757.04,148.84,11.804891158290781
2025-04-23,1795.87,151.17,11.879804193953827
2025-04-24,1770.44,152.59,11.602595189724097
2025-04-25,1785.94,150.92,11.833686721441826
2025-04-26,1821.45,149.28,12.201567524115756
2025-04-27,1791.85,148.04,12.103823291002431
2025-04-28,1800.19,147.88,12.17331620232621
2025-04-29,1798.47,146.35,12.288828151691153
2025-04-30,1793.83,147.57,12.155790472318222
2025-05-01,1838.83,150.9,12.1857521537442
2025-05-02,1842.84,148.09,12.444054291309339
2025-05-03,1833.95,146.76,12.496252384846008
2025-05-04,1809.0,143.99,12.563372456420584
2025-05-05,1820.05,146.67,12.409149792050181
2025-05-06,1816.98,146.88,12.370506535947714
2025-05-07,1811.34,147.36,12.291938110749184
2025-05-08,2207.19,164.44,13.42246412065191
2025-05-09,2345.32,172.8,13.572453703703705
2025-05-10,2583.77,177.93,14.52127241049851
2025-05-11,2514.75,173.23,14.516827339375398
2025-05-12,2495.56,174.22,14.324187808517966
2025-05-13,2680.04,183.77,14.583664363062523
2025-05-14,2610.07,176.68,14.772866198777452
2025-05-15,2549.0,169.17,15.067683395401078
2025-05-16,2537.78,167.48,15.152734654884167
2025-05-17,2476.16,166.02,14.914829538609805
2025-05-18,2498.72,173.38,14.411812204406505
2025-05-19,2528.66,166.88,15.152564717162033
2025-05-20,2525.1,168.64,14.973315939278939
2025-05-21,2552.21,173.61,14.700823685271585
2025-05-22,2665.1,179.72,14.829178722457154
2025-05-23,2526.9,174.03,14.51991036028271
2025-05-24,2530.92,175.96,14.383496249147534
2025-05-25,2552.23,175.81,14.51697855639611
2025-05-26,2564.47,174.98,14.655789233055206
2025-05-27,2662.0,176.8,15.05656108597285
2025-05-28,2682.1,172.28,15.568260970513117
2025-05-29,2631.82,166.71,15.786815427988723
2025-05-30,2531.79,156.26,16.20241904518111
2025-05-31,2529.32,156.53,16.158691624608704
2025-06-01,2540.45,157.77,16.102237434239715
2025-06-02,2609.07,156.91,16.62781212159837
2025-06-03,2594.88,155.3,16.70882163554411
2025-06-04,2608.28,153.31,17.01311069075729
2025-06-05,2415.85,144.38,16.732580689846237
2025-06-06,2478.31,147.95,16.750996958431905
2025-06-07,2526.17,150.16,16.82318859882792
2025-06-08,2510.78,152.53,16.46089293909395
2025-06-09,2681.27,161.23,16.630093655026982
2025-06-10,2816.15,165.14,17.053106455128983
2025-06-11,2772.57,161.02,17.218792696559433
2025-06-12,2644.51,152.41,17.351289285479957
2025-06-13,2580.25,148.66,17.356720032288443
2025-06-14,2532.75,144.72,17.50103648424544
2025-06-15,2548.41,152.98,16.6584520852399
2025-06-16,2545.23,150.74,16.884901154305425
2025-06-17,2510.96,147.61,17.010771627938485
2025-06-18,2525.85,146.41,17.251895362338637
2025-06-19,2521.84,147.06,17.148374813001496
2025-06-20,2407.22,140.15,17.17602568676418
2025-06-21,2296.94,135.47,16.955340665830075
2025-06-22,2228.57,131.78,16.911291546516924
2025-06-23,2413.17,144.6,16.688589211618257
2025-06-24,2449.69,145.98,16.780997396903686
2025-06-25,2420.23,143.65,16.848103028193524
2025-06-26,2417.5,139.15,17.373338124326267
2025-06-27,2424.42,142.17,17.052964760497996
2025-06-28,2437.55,150.81,16.16305284795438
2025-06-29,2501.26,153.36,16.309728742827335
2025-06-30,2486.37,154.88,16.053525309917354
2025-07-01,2405.7,146.93,16.37310283808616
2025-07-02,2571.33,152.35,16.87778142435182
2025-07-03,2592.04,152.4,17.00813648293963
2025-07-04,2508.69,147.75,16.979289340101523
2025-07-05,2517.09,147.62,17.05114483132367
2025-07-06,2571.14,151.91,16.925416364952934
2025-07-07,2542.5,148.91,17.074071586864548
2025-07-08,2616.29,151.73,17.243063336189284
2025-07-09,2769.99,157.11,17.63089555088791
2025-07-10,2951.31,164.34,17.958561518802483
2025-07-11,2959.03,162.98,18.155785986010557
2025-07-12,2944.27,160.76,18.314692709629263
2025-07-13,2973.01,161.22,18.440702146135717
2025-07-14,3014.66,162.26,18.57919388635523
2025-07-15,3139.33,164.03,19.138755105773335
2025-07-16,3373.1,173.73,19.415760087492085
2025-07-17,3479.48,176.0,19.769772727272727
2025-07-18,3549.56,177.36,20.013306269733874
2025-07-19,3594.34,177.05,20.301270827449873
2025-07-20,3758.64,181.54,20.704197422055746
2025-07-21,3764.26,195.82,19.22306199571035
2025-07-22,3748.64,205.8,18.214965986394557
2025-07-23,3630.21,189.5,19.15678100263852
2025-07-24,3708.76,182.97,20.2697710007105
2025-07-25,3726.01,186.8,19.94652034261242
2025-07-26,3742.79,184.92,20.24004975124378
2025-07-27,3874.12,188.71,20.52948969318001
2025-07-28,3798.95,183.13,20.74455304974608
2025-07-29,3793.46,181.47,20.90406127734612
2025-07-30,3810.29,177.77,21.433818979580355
2025-07-31,3698.19,172.22,21.47363836952735
2025-08-01,3487.02,162.67,21.43615909510051
2025-08-02,3393.4,158.48,21.41216557294296
2025-08-03,3497.6,162.01,21.588790815381767
2025-08-04,3720.93,169.57,21.943327239488116
2025-08-05,3611.81,164.07,22.01383555799354
2025-08-06,3684.11,168.16,21.908361084681257
2025-08-07,3911.67,175.44,22.296340629274965
2025-08-08,4010.54,176.83,22.680201323304868
2025-08-09,4262.92,179.99,23.684204678037666
2025-08-10,4252.23,182.73,23.27056312592349
2025-08-11,4224.95,174.88,24.15913769441903
2025-08-12,4589.8,191.72,23.940121009805967
2025-08-13,4751.85,201.62,23.568346394206927
2025-08-14,4550.57,192.61,23.625824204350756
2025-08-15,4443.12,185.89,23.901877454408524
2025-08-16,4425.22,189.74,23.322546642774324
2025-08-17,4475.46,191.15,23.41334030865812
2025-08-18,4315.29,183.0,23.58081967213115
2025-08-19,4075.7,176.21,23.129788320753644
2025-08-20,4336.33,187.97,23.069266372293452
2025-08-21,4224.96,180.28,23.43554470823164
2025-08-22,4830.6,200.64,24.075956937799045
2025-08-23,4777.18,204.07,23.40951634243152
2025-08-24,4780.0,205.96,23.208389978636628
2025-08-25,4377.67,187.22,23.38249118683901
2025-08-26,4601.95,195.88,23.493720645293035
2025-08-27,4507.43,202.94,22.210653395092148
2025-08-28,4512.13,214.45,21.040475635346237
2025-08-29,4360.69,205.13,21.258177740944767
2025-08-30,4374.94,202.74,21.579066785044883
2025-08-31,4392.43,200.67,21.88882244480989
2025-09-01,4314.85,197.32,21.867271437259276
2025-09-02,4326.52,209.63,20.638839860706963
2025-09-03,4452.33,210.83,21.11810463406536
2025-09-04,4298.54,202.34,21.244143520806563
2025-09-05,4307.57,203.39,21.178868184276514
2025-09-06,4274.53,200.19,21.35236525300964
2025-09-07,4306.18,206.36,20.867319247916264
2025-09-08,4306.62,214.14,20.11123564023536
2025-09-09,4310.1,217.24,19.840268827103664
2025-09-10,4350.1,224.13,19.408825235354485
2025-09-11,4461.11,228.85,19.493598426917195
2025-09-12,4715.14,242.36,19.45510810364747
2025-09-13,4669.05,242.49,19.25460843746134
2025-09-14,4606.66,239.89,19.203218141648257
2025-09-15,4525.27,234.39,19.30658304535177
2025-09-16,4503.26,237.0,19.001097046413502
2025-09-17,4592.35,244.92,18.75040829658664
2025-09-18,4589.64,247.6,18.536510500807758
2025-09-19,4471.56,238.66,18.736109947205232
2025-09-20,4482.83,239.6,18.70964106844741
2025-09-21,4447.53,236.32,18.81994752877454
2025-09-22,4202.86,220.56,19.055404425099745
2025-09-23,4165.7,213.34,19.526108559107527
2025-09-24,4154.6,211.69,19.625868014549578
2025-09-25,3876.07,192.83,20.10096976611523
2025-09-26,4034.83,205.28,19.655251363990647
2025-09-27,4020.82,203.58,19.750564888495923
2025-09-28,4143.89,210.92,19.646738099753463
2025-09-29,4218.07,212.91,19.81151660325959
2025-09-30,4146.38,208.75,19.862898203592813
2025-10-01,4350.53,222.16,19.582868203096865
2025-10-02,4487.89,234.9,19.105534269902087
2025-10-03,4516.0,232.96,19.385302197802197
2025-10-04,4489.84,227.99,19.693144436159482
2025-10-05,4515.92,228.67,19.748633401845456
2025-10-06,4686.54,232.47,20.15976255000645
2025-10-07,4449.96,220.1,20.21790095411177
2025-10-08,4527.74,229.12,19.76143505586592
2025-10-09,4370.91,221.03,19.77518888838619
2025-10-10,3837.92,188.9,20.317204870301747
2025-10-11,3750.88,177.84,21.09131803868646
2025-10-12,4156.86,197.23,21.076205445419053
2025-10-13,4245.01,208.87,20.323694163833963
2025-10-14,4127.37,202.55,20.377042705504813
2025-10-15,3988.16,193.95,20.562825470482082
2025-10-16,3895.41,184.87,21.071076973008058
2025-10-17,3833.18,182.05,21.05564405383136
2025-10-18,3890.7,187.65,20.733812949640285
2025-10-19,3984.9,187.95,21.20191540303272
2025-10-20,3981.1,189.78,20.977447570871536
2025-10-21,3875.11,185.73,20.864211489797018
2025-10-22,3806.62,180.16,21.129107460035524
2025-10-23,3858.38,191.42,20.156618953087452
2025-10-24,3936.24,193.62,20.329718004338392
2025-10-25,3954.72,193.88,20.397771817619144
2025-10-26,4160.2,200.07,20.79372219723097
2025-10-27,4121.47,198.71,20.741130290372904
2025-10-28,3981.51,194.23,20.49894455027545
2025-10-29,3904.34,193.98,20.127538921538306
2025-10-30,3804.35,184.69,20.598570577724836
2025-10-31,3846.74,187.16,20.553216499251977
2025-11-01,3872.94,186.3,20.788727858293075
2025-11-02,3906.69,187.76,20.806827865360034
2025-11-03,3603.83,166.05,21.703282143932547
2025-11-04,3286.89,155.03,21.20163839256918
2025-11-05,3424.12,162.38,21.08707968961695
2025-11-06,3313.99,155.22,21.350277026156423
2025-11-07,3434.31,161.72,21.23614889933218
2025-11-08,3400.93,157.98,21.527598430181037
2025-11-09,3583.12,164.52,21.779236566982735
2025-11-10,3566.73,167.3,21.319366407650925
2025-11-11,3416.51,154.55,22.106179230022647
2025-11-12,3414.45,153.37,22.262828454065332
2025-11-13,3230.03,144.69,22.323795701154193
2025-11-14,3110.38,138.8,22.40907780979827
2025-11-15,3166.61,139.54,22.6932062491042
2025-11-16,3093.43,137.08,22.566603443244816
2025-11-17,3028.29,130.84,23.144986242739222
2025-11-18,3122.36,140.64,22.201080773606375
2025-11-19,3023.23,136.93,22.0786533265172
2025-11-20,2830.93,133.51,21.20387985918658
2025-11-21,2764.76,128.59,21.500583249086244
2025-11-22,2768.91,127.53,21.711832509997645
2025-11-23,2801.51,130.55,21.45928762926082
2025-11-24,2953.06,138.41,21.335597138935047
2025-11-25,2958.83,138.91,21.300338348571017
2025-11-26,3026.9,143.02,21.164172842959026
2025-11-27,3015.29,140.85,21.40780972665957
2025-11-28,3032.2,137.37,22.073232874717913
2025-11-29,2990.56,135.96,21.995881141512207
2025-11-30,2992.33,133.49,22.416136040152818
2025-12-01,2799.09,126.67,22.097497434278047
2025-12-02,2997.13,138.7,21.608723864455662
2025-12-03,3189.79,144.72,22.041113875069097
2025-12-04,3134.24,139.06,22.538760247375233
2025-12-05,3022.97,133.33,22.672841821045523
2025-12-06,3039.34,132.24,22.9835148215366
2025-12-07,3060.97,132.29,23.138332451432458
2025-12-08,3124.9,133.27,23.447887746679672
2025-12-09,3319.05,137.9,24.068527918781726
2025-12-10,3325.03,136.32,24.39135856807512
2025-12-11,3238.0,136.43,23.733782892325735
2025-12-12,3084.93,132.29,23.319449693854413
2025-12-13,3115.34,133.17,23.39370729143201
2025-12-14,3063.14,129.4,23.671870170015453
2025-12-15,2964.4,127.79,23.19743328898975
2025-12-16,2962.09,129.14,22.93704506736875
2025-12-17,2832.59,123.21,22.989935881827776
2025-12-18,2826.97,119.54,23.64873682449389
2025-12-19,2978.23,126.2,23.599286846275753
2025-12-20,2977.06,125.77,23.6706686809255
2025-12-21,3001.6,126.0,23.822222222222223
2025-12-22,3007.85,125.84,23.90217736808646
2025-12-23,2963.44,123.93,23.912208504801097
2025-12-24,2945.71,122.45,24.056431196406695
2025-12-25,2902.63,120.0,24.188583333333334
2025-12-26,2982.33,123.56,24.136694723211395
